pays,region,nom,type,note,lien,lat,lng
Canada,Colombie-Britannique,Whistler Mountain Bike Park,Sport & plein air,,https://www.google.com/maps/place/Whistler+Mountain+Bike+Park/data=!4m2!3m1!1s0x5487234d0643925b:0x6f4a138d3cc4d3b6,50.081447,-122.963451
Canada,Montréal,Aldea,Restaurant,,https://www.google.com/maps/place/Aldea/data=!4m2!3m1!1s0x4cc91bd2ef6ac9c9:0xe5cf006bce5bbbeb,45.519587,-73.584851
Canada,Montréal,Amea Café,Café,,https://www.google.com/maps/place/Amea+Caf%C3%A9/data=!4m2!3m1!1s0x4cc91bc69a34536f:0x40954bc0e911e529,45.500731,-73.577391
Canada,Montréal,Big Daddy Fitness,Sport & plein air,,https://www.google.com/maps/place/Big+Daddy+Fitness+%7C+Montreal+luxury+gym+and+memberships/data=!4m2!3m1!1s0x4cc9190bbcc7b45f:0xe52d8691051093eb,45.500827,-73.660893
Canada,Montréal,"Bota Bota, spa-sur-l'eau",Spa,,"https://www.google.com/maps/place/Bota+Bota,+spa-sur-l'eau/data=!4m2!3m1!1s0x4cc91af66762343f:0x953387ee0c48e720",45.498657,-73.551432
Canada,Montréal,Cafe Fernanda,Café,,https://www.google.com/maps/place/Cafe+Fernanda/data=!4m2!3m1!1s0x4cc9190058c62723:0xc6c0ee27844e59dc,45.525119,-73.604019
Canada,Montréal,Café Alphabet,Café,,https://www.google.com/maps/place/Caf%C3%A9+Alphabet/data=!4m2!3m1!1s0x4cc919c4751bc203:0x7c7f184db633ee7f,45.526835,-73.602424
Canada,Montréal,Café In Gamba Parc,Café,,https://www.google.com/maps/place/Caf%C3%A9+In+Gamba+Parc/data=!4m2!3m1!1s0x4cc9197f6decaa53:0x36a65bf484b0af41,45.526929,-73.598158
Canada,Montréal,Café Olimpico,Café,,https://www.google.com/maps/place/Caf%C3%A9+Olimpico/data=!4m2!3m1!1s0x4cc91a56f3488399:0x93f17136e62e44be,45.503839,-73.570765
Canada,Montréal,Café Olimpico - Mile End,Café,,https://www.google.com/maps/place/Caf%C3%A9+Olimpico+-+Mile+End/data=!4m2!3m1!1s0x4cc9197949885067:0xbaf85bce3cee2770,45.524084,-73.600261
Canada,Montréal,Café Redwood,Café,,https://www.google.com/maps/place/Caf%C3%A9+Redwood/data=!4m2!3m1!1s0x4cc91bb8159d73a1:0xa959fdd6d5729560,45.479445,-73.571946
Canada,Montréal,Carrera's resto,Restaurant,,https://www.google.com/maps/place/Carrera's+resto/data=!4m2!3m1!1s0x4cc925003d28c3ed:0x2d9c16af0a73afba,45.582412,-73.816707
Canada,Montréal,Centre Surf Inside Oasis Surf,Sport & plein air,,https://www.google.com/maps/place/Centre+Surf+Inside+Oasis+Surf/data=!4m2!3m1!1s0x4cc90f4e8f70097b:0x60af195636e15425,45.444583,-73.433082
Canada,Montréal,Crew Collective & Cafe,Café,,https://www.google.com/maps/place/Crew+Collective+%26+Cafe/data=!4m2!3m1!1s0x4cc91a584b01d105:0x84862d8825333968,45.502262,-73.559095
Canada,Montréal,Crêperie Chez Suzette,Pâtisserie,,https://www.google.com/maps/place/Cr%C3%AAperie+Chez+Suzette/data=!4m2!3m1!1s0x4cc91a5700a8415b:0xac72bded03611cb0,45.505804,-73.553802
Canada,Montréal,C’ChoColat,Pâtisserie,,https://www.google.com/maps/place/C%E2%80%99ChoColat/data=!4m2!3m1!1s0x4cc91b17a4ee1c5d:0x41bb0630a6a04066,45.496346,-73.575568
Canada,Montréal,Dinette Marcella,Restaurant,,https://www.google.com/maps/place/Dinette+Marcella/data=!4m2!3m1!1s0x4cc91b052e2cc8af:0x7688a472d886d475,45.502795,-73.555120
Canada,Montréal,Douro Montreal,Restaurant,,https://www.google.com/maps/place/Douro+Montreal/data=!4m2!3m1!1s0x4cc919721b502a53:0xe4cdf399ca2fe107,45.530721,-73.609871
Canada,Montréal,Duc de Lorraine,Pâtisserie,,https://www.google.com/maps/place/Duc+de+Lorraine/data=!4m2!3m1!1s0x4cc919e6b69540bb:0xc2f1892275a4e131,45.494573,-73.618389
Canada,Montréal,Dunya,Restaurant,,https://www.google.com/maps/place/Dunya/data=!4m2!3m1!1s0x4cc91b413e4dbb83:0x27fc293750f153da,45.512536,-73.569251
Canada,Montréal,Four Seasons Hotel Montreal,Hôtel,,https://www.google.com/maps/place/Four+Seasons+Hotel+Montreal/data=!4m2!3m1!1s0x4cc917ee5470a557:0xb0a99c016955de34,45.498410,-73.576566
Canada,Montréal,Gaspar Brasserie Française,Restaurant,,https://www.google.com/maps/place/Gaspar+Brasserie+Fran%C3%A7aise/data=!4m2!3m1!1s0x4cc91a5652ccd209:0xbd01b03df6b7f572,45.506264,-73.552894
Canada,Montréal,Golf Club de l'Île de Montréal,Sport & plein air,,https://www.google.com/maps/place/Golf+Club+de+l'%C3%8Ele+de+Montr%C3%A9al/data=!4m2!3m1!1s0x4cc8e1434c4cd74d:0x8ed9d8a31dc244a4,45.682811,-73.520696
Canada,Montréal,Golf Saint-Raphaël,Sport & plein air,,https://www.google.com/maps/place/Golf+Saint-Rapha%C3%ABl/data=!4m2!3m1!1s0x4cc93a9524c59b7b:0xc0a77117d97259d2,45.504346,-73.898477
Canada,Montréal,Grande Bibliothèque - BAnQ,Boutique & culture,,https://www.google.com/maps/place/Grande+Biblioth%C3%A8que+-+BAnQ/data=!4m2!3m1!1s0x4cc91bb33b2f88f9:0xc74e1f9c890593ed,45.515377,-73.562212
Canada,Montréal,Hiatus Restaurant et Bar,Restaurant,,https://www.google.com/maps/place/Hiatus+Restaurant+et+Bar/data=!4m2!3m1!1s0x4cc91b5f046e7a8b:0xa072bb51c542c62,45.501309,-73.569677
Canada,Montréal,Holder,Restaurant,,https://www.google.com/maps/place/Holder/data=!4m2!3m1!1s0x4cc91a5923eabba3:0x45b98582bf53985c,45.500436,-73.557393
Canada,Montréal,"Holt Renfrew Ogilvy | Détaillant en mode designer, beauté et style de vie 
du Canada",Boutique & culture,,"https://www.google.com/maps/place/Holt+Renfrew+Ogilvy+%7C+D%C3%A9taillant+en+mode+designer,+beaut%C3%A9+et+style+de+vie+%0Adu+Canada/data=!4m2!3m1!1s0x4cc91a41f10fcaeb:0xe5ea5e9009dac33a",45.497939,-73.575778
Canada,Montréal,Honeyrose Hotel Montreal A Tribute Portfolio Hotel,Hôtel,,https://www.google.com/maps/place/Honeyrose+Hotel+Montreal+A+Tribute+Portfolio+Hotel/data=!4m2!3m1!1s0x4cc91bbb05ad7dc1:0x2a7bfc152188a2b0,45.507196,-73.569400
Canada,Montréal,Hotel Birks Montreal,Hôtel,,https://www.google.com/maps/place/Hotel+Birks+Montreal/data=!4m2!3m1!1s0x4cc91a45a9ba0c7b:0x317212f3fce5e43b,45.503469,-73.568919
Canada,Montréal,Hotel Nelligan,Hôtel,,https://www.google.com/maps/place/Hotel+Nelligan/data=!4m2!3m1!1s0x4cc91a5782e67adf:0xfceeba5dde88560e,45.504061,-73.554456
Canada,Montréal,Hyatt Centric Montreal,Hôtel,,https://www.google.com/maps/place/Hyatt+Centric+Montreal/data=!4m2!3m1!1s0x4cc91a54c1b6d571:0xda8c5ff6e6344e87,45.512073,-73.551564
Canada,Montréal,Hôtel William Gray,Hôtel,,https://www.google.com/maps/place/H%C3%B4tel+William+Gray/data=!4m2!3m1!1s0x4cc91a56f332c441:0xc62f60004e19c33e,45.507444,-73.553278
Canada,Montréal,"InterContinental Montreal, an IHG Hotel",Hôtel,,"https://www.google.com/maps/place/InterContinental+Montreal,+an+IHG+Hotel/data=!4m2!3m1!1s0x4cc91a5a487ea26b:0x15df66dbf31d48a",45.502970,-73.560277
Canada,Montréal,Jacopo,Restaurant,,https://www.google.com/maps/place/Jacopo/data=!4m2!3m1!1s0x4cc91b56bc71e413:0xf7f6e57bb083e95b,45.507644,-73.553138
Canada,Montréal,Jean Talon Market,Marché,,https://www.google.com/maps/place/Jean+Talon+Market/data=!4m2!3m1!1s0x4cc919136130849d:0x5c1098d838d87981,45.535914,-73.615062
Canada,Montréal,Les Madeleines d'Emilie,Pâtisserie,,https://www.google.com/maps/place/Les+Madeleines+d'Emilie/data=!4m2!3m1!1s0x4cc91bce79546241:0x2e978acb941958f4,45.518573,-73.588022
Canada,Montréal,Maison Privée Vieux-Montréal,Restaurant,,https://www.google.com/maps/place/Maison+Priv%C3%A9e+Vieux-Montr%C3%A9al/data=!4m2!3m1!1s0x4cc91a59eaeabb75:0xed19c7d489778933,45.502760,-73.557219
Canada,Montréal,Mont éclair,Pâtisserie,,https://www.google.com/maps/place/Mont+%C3%A9clair/data=!4m2!3m1!1s0x4cc91b582646ff0d:0xe08530f4cc615acd,45.520542,-73.586139
Canada,Montréal,Montréal Marriott Château Champlain,Hôtel,,https://www.google.com/maps/place/Montr%C3%A9al+Marriott+Ch%C3%A2teau+Champlain/data=!4m2!3m1!1s0x4cc91a5cd9b30003:0xe6d5b1d51a39f768,45.497572,-73.567368
Canada,Montréal,Olive et Gourmando,À découvrir,,https://www.google.com/maps/place/Olive+et+Gourmando/data=!4m2!3m1!1s0x4cc91a5902615863:0x8bd5e7b9b0be142a,45.501217,-73.556404
Canada,Montréal,Pizzéria NO.900 - Quartier des spectacles,Restaurant,,https://www.google.com/maps/place/Pizz%C3%A9ria+NO.900+-+Quartier+des+spectacles/data=!4m2!3m1!1s0x4cc91b83dec09c93:0x91cc67e5a4a7f8e0,45.506841,-73.566285
Canada,Montréal,ROYALMOUNT,Boutique & culture,,https://www.google.com/maps/place/ROYALMOUNT/data=!4m2!3m1!1s0x4cc919ef0dbabb0d:0x51eacfe1d8a038eb,45.500195,-73.665634
Canada,Montréal,Rage: Axe Throwing,Sport & plein air,,https://www.google.com/maps/place/Rage:+Axe+Throwing+%7C+Lancer+de+haches/data=!4m2!3m1!1s0x4cc91bb26d4783af:0x3c8dd2986f5a61a2,45.517641,-73.557777
Canada,Montréal,Royale Ginette,À découvrir,,https://www.google.com/maps/place/Royale+Ginette/data=!4m2!3m1!1s0x4cc91993ca5abd6b:0x69b8478a2891ed22,45.536184,-73.594007
Canada,Montréal,Sora 45,Restaurant,,https://www.google.com/maps/place/Sora+45/data=!4m2!3m1!1s0x4cc91b6b474bb275:0x3487525a36f4dd38,45.501583,-73.568633
Canada,Montréal,Terrasse Belvu,Restaurant,,https://www.google.com/maps/place/Terrasse+Belvu/data=!4m2!3m1!1s0x4cc91be5f9ad36e7:0x612b44540f35ceaf,45.497577,-73.567587
Canada,Montréal,Terrasse Sur L'Auberge,Hôtel,,https://www.google.com/maps/place/Terrasse+Sur+L'Auberge/data=!4m2!3m1!1s0x4cc91a5652e9e895:0x72cb274af1a52952,45.506434,-73.552846
Canada,Montréal,"The Ritz-Carlton, Montreal",Hôtel,,"https://www.google.com/maps/place/The+Ritz-Carlton,+Montreal/data=!4m2!3m1!1s0x4cc91a40f7f00c21:0x4955974bc6dae998",45.500086,-73.577924
Canada,Montréal,Un Instant en Provence,Restaurant,,https://www.google.com/maps/place/Un+Instant+en+Provence/data=!4m2!3m1!1s0x4cc911bd44aa9c27:0xc87613c3bf87d7ad,45.471569,-73.590056
Canada,Montréal,"Vogue Hotel Montreal Downtown, Curio Collection by Hilton",Hôtel,,"https://www.google.com/maps/place/Vogue+Hotel+Montreal+Downtown,+Curio+Collection+by+Hilton/data=!4m2!3m1!1s0x4cc91befb64b89c1:0x102baa91ce35105",45.498404,-73.575682
Canada,Montréal,sky internet cafe,Café,,https://www.google.com/maps/place/sky+internet+cafe/data=!4m2!3m1!1s0x4cc9171918091dd1:0x1fbe6856526d93b5,45.435067,-73.671244
Canada,Québec,Sentiers du Moulin,Sport & plein air,,https://www.google.com/maps/place/Sentiers+du+Moulin/data=!4m2!3m1!1s0x4cb8a5aab227c5a7:0xf60fdc96dbe3269d,46.990949,-71.270408
France,Auvergne,La Cave de Marcel,À découvrir,,https://www.google.com/maps/place/La+Cave+de+Marcel/data=!4m2!3m1!1s0x47f7cf32d9b25b8b:0xb2faa403ceb513d8,45.135701,2.981099
France,Île-de-France,La Grande Épicerie de Paris,Marché,,https://www.google.com/maps/place/La+Grande+%C3%89picerie+de+Paris/data=!4m2!3m1!1s0x47e671d310c34f03:0x7518ff5f76e8042b,48.850004,2.323282
France,Île-de-France,Marché International de Rungis,Marché,,https://www.google.com/maps/place/March%C3%A9+International+de+Rungis/data=!4m2!3m1!1s0x47e6751c4525a8a3:0x1b0964ee3aa649c3,48.757122,2.357893
Malte,Malte,Corinthia St George's Bay,Hôtel,,https://www.google.com/maps/place/Corinthia+St+George's+Bay/data=!4m2!3m1!1s0x130e456de64b489f:0x63206b35bcd037e6,35.928766,14.490953
Malte,Malte,Cynergi,À découvrir,,https://www.google.com/maps/place/Cynergi/data=!4m2!3m1!1s0x130e456918dd3c39:0xac03d26329ede46f,35.923597,14.487600
Malte,Malte,Gozo Pride Tours,Sport & plein air,,https://www.google.com/maps/place/Gozo+Pride+Tours/data=!4m2!3m1!1s0x130e4b16b50ad5ef:0xdbf7899ce39a3256,36.033565,14.273760
Malte,Malte,H Hotel & SPA,Hôtel,,https://www.google.com/maps/place/H+Hotel+%26+SPA/data=!4m2!3m1!1s0x130e45694fafa6e1:0xbdd7cbb1b39e50bd,35.924833,14.488483
Malte,Malte,Hilton Malta,Hôtel,,https://www.google.com/maps/place/Hilton+Malta/data=!4m2!3m1!1s0x130e456b01562117:0xcc50d0fd1b403a4,35.922276,14.493611
Malte,Malte,Hyatt Regency Malta,Hôtel,,https://www.google.com/maps/place/Hyatt+Regency+Malta/data=!4m2!3m1!1s0x130e45e3d7d0868f:0xaff81a8194d8b4ca,35.924179,14.486997
Malte,Malte,InterContinental Malta by IHG,Hôtel,,https://www.google.com/maps/place/InterContinental+Malta+by+IHG/data=!4m2!3m1!1s0x130e45693fbd5b83:0x421c0e533c95dbf0,35.923542,14.488087
Malte,Malte,Malta Marriott Resort & Spa,Hôtel,,https://www.google.com/maps/place/Malta+Marriott+Resort+%26+Spa/data=!4m2!3m1!1s0x130e455cfecafda5:0xc64dbf11c76fae29,35.914038,14.492980
Malte,Malte,"Radisson Blu Resort, St. Julian's",Hôtel,,"https://www.google.com/maps/place/Radisson+Blu+Resort,+St.+Julian's/data=!4m2!3m1!1s0x130e45720baa0821:0x59f20c4b36b0f744",35.929946,14.490329
Malte,Malte,"The Westin Dragonara Resort, Malta",Hôtel,,"https://www.google.com/maps/place/The+Westin+Dragonara+Resort,+Malta/data=!4m2!3m1!1s0x130e4f05e703882f:0x59e7538d23884899",35.925505,14.491882
Malte,Malte,"be.Hotel, St Julian's, Malta.",Hôtel,,"https://www.google.com/maps/place/be.Hotel,+St+Julian's,+Malta./data=!4m2!3m1!1s0x130e456934578929:0xd9be14ea32c5e8c2",35.924767,14.487555
Maroc,Maroc,Cappuccino,À découvrir,,https://www.google.com/maps/place/Cappuccino/data=!4m2!3m1!1s0xd0c7f8f599d9c79:0x4eabac8811b3dc51,35.783726,-5.761267
États-Unis,Pennsylvanie,Woodward,Sport & plein air,,https://www.google.com/maps/place/Woodward/data=!4m2!3m1!1s0x89cedd575473105d:0xefabb014cfd8847f,40.898240,-77.346403
